{"rmse_score": 2.498361466634689, "_timestamp": 1666668134.9826279, "_runtime": 85.1690468788147, "_step": 19, "_wandb": {"runtime": 85}}