{"rmse_score": 2.7827692883223065, "_timestamp": 1666667999.3010037, "_runtime": 7.677504777908325, "_step": 0, "_wandb": {"runtime": 7}}